{
    "name": "modmetalheadleshen",
    "modName": "Metalhead Leshen",
    "version": "v1.0",
    "gameVersion": "",
    "description": "This mod adds an animation to the existing Leshen that consists of the Leshen acting like a metalhead with it headbanging, and raising up its hands in the symbol of metal!   \\m/\n\nThis mod was created for the Witcher 3 RedKit Animation Challenge. \n\n",
    "author": "",
    "idSpace": 10000000,
    "workshopId": 0,
    "succesfullyCooked": true,
    "dependencies": []
}